[
  {
    "colorName": "Provence Blue",
    "colorCode": "SH S 3020-B (0088D)",
    "colorRgbCode": "#7e9aaa",
    "id": "1"
  },
  {
    "colorName": "Gray Blue",
    "colorCode": "SH S 2020-R90B (0087C)",
    "colorRgbCode": "#98b2c6",
    "id": "2"
  },
  {
    "colorName": "TWinter Sky",
    "colorCode": "SH S 1510-R90B (0087B)",
    "colorRgbCode": "#bdc8d2",
    "id": "3"
  },
  {
    "colorName": "TWinter Sky",
    "colorCode": "SH S 1510-R90B (0087B)",
    "colorRgbCode": "#bdc8d2",
    "id": "4"
  }
]
